<?xml version="1.0"?>
<jboss-deployment-structure xmlns="urn:jboss:deployment-structure:1.2">
    <deployment>
         
         <exclude-subsystems>
             <subsystem name="clustering.infinispan"/>
             <subsystem name="connector"/>
             <subsystem name="deployment-scanner"/>
             <subsystem name="ee"/> 
             <subsystem name="ejb3"/> 
             <subsystem name="jaxrs"/>
             <subsystem name="jdr"/>
             <subsystem name="jmx"/>
             <subsystem name="jpa"/>
             <subsystem name="jsf"/> 
             <subsystem name="mail"/>
             <subsystem name="remoting"/>
             <subsystem name="sar"/>
             <subsystem name="transactions"/>
             <subsystem name="webservices"/>
             <subsystem name="weld"/>
			 <subsystem name="logging" />              
         </exclude-subsystems>
         
         <exclusions>
            <module name="javaee.api"/>
            <module name="org.slf4j"/>
            <module name="org.slf4j.impl"/>
            <module name="org.apache.log4j"/>
            <module name="org.apache.commons.logging"/>
	        <module name="org.jboss.logging" />
            <module name="org.jboss.logging.jul-to-slf4j-stub" /> 
            <module name="org.jboss.logmanager" /> 
            <module name="org.jboss.logmanager.log4j" />
         </exclusions>
        
     </deployment>
</jboss-deployment-structure>